episode	title	airdate	description
1	Cartman Gets an Anal Probe	Aug 13, 1997	While the boys are waiting for the school bus, Cartman explains the odd nightmare he had the previous night involving alien visitors.
2	Weight Gain 4000	Aug 20, 1997	When Cartman's environmental essay wins a national contest, America's sweetheart, Kathie Lee Gifford, comes to South Park to present the award.
3	Volcano	Aug 27, 1997	A weekend trip to experience the finer points of camping, fishing and blowing animals to smithereens is threatened by an erupting volcano.
4	Big Gay Al's Big Gay Boat Ride	Sep 3, 1997	When Stan discovers his new dog Sparky is gay, he becomes so confused he loses his will to play in the big Homecoming Football game against North Park.
5	An Elephant Makes Love to a Pig	Sep 10, 1997	Kyle's mom won't let him keep his new pet, an elephant because it's so huge. So the boys turn turn to the Dr. Mephesto to genetically engineer a smaller elephant.
6	Death	Sep 17, 1997	Grandpa's sole birthday wish is for Stan to take part in his assisted suicide. Meanwhile, Mrs. Broflovski has organized a protest against the boys' favorite TV show, "Terrance and Phillip."
7	Pinkeye	Oct 29, 1997	A mishap at the morgue transforms the residents of South Park into brain-eating zombies and threatens the boys night of Trick-or-Treating.
8	Damien	Feb 4, 1998	After being shunned by the others kids, Damien, the Son of Satan, calls upon his father to fight Jesus in the ultimate Pay-Per-View Boxing Match between good and evil.
9	Starvin' Marvin	Nov 19, 1997	Mistaking Cartman for a starving African child, government authorities send him to Ethiopia where he runs into Sally Struthers.
10	Mr. Hankey, the Christmas Poo	Dec 17, 1997	While South Park Elementary is attempting to stage a non-denominational holiday play that won't offend (or entertain) anyone, Kyle checks himself into the South Park mental asylum.
11	Tom's Rhinoplasty	Feb 11, 1998	While Mr. Garrison deserts the class for a visit to Tom's Rhinoplasty, Stan, Kyle, Kenny, and Cartman all compete for the attention of Ms. Ellen, the new substitute teacher.
12	Mecha-Streisand	Feb 18, 1998	The boys' discovery of a prehistoric relic spawns a monster that threatens to destroy South Park and the world.
13	Cartman's Mom Is A Dirty Slut	Feb 25, 1998	Who is Eric Cartman's father? It could be anyone who attended South Park's 12th Annual Drunken Barn Dance.
14	Terrance and Phillip in Not Without My Anus	Apr 1, 1998	Terrance and Phillip must save Terrance's Little Daughter, Sally and all of Canada from an evil dictator.
15	Cartman's Mom is Still a Dirty Slut	Apr 22, 1998	The boys wait for Dr. Mephesto to regain consciousness and reveal the identity of Cartman's father.
16	Chickenlover	May 20, 1998	When Barbrady resigns, anarchy ensues and the boys pitch in to help.
17	Ike's Wee Wee	May 27, 1998	Mr. Mackey, the school counselor, is fired and turns to drugs and alcohol. Meanwhile, when the boys find out what it means to be circumcised they try to save Ike from his Bris.
18	Conjoined Fetus Lady	Jun 3, 1998	With Pip as their star player, the South Park dodgeball team is off to the championships.
19	The Mexican Staring Frog of Southern Sri Lanka	Jun 10, 1998	Jimbo and Ned's efforts to drive up the ratings for their new hunting show on the cable access channel threatens to edge out an old favorite, "Jesus and Pals."
20	City on the Edge of Forever (Flashbacks)	Jun 17, 1998	A freak accident leaves the South Park Elementary school bus teetering precariously on the edge of a cliff.
21	Summer Sucks	Jun 24, 1998	The entire town is gearing up for the annual 4th of July celebration when a ban on fireworks is imposed.
22	Chef's Chocolate Salty Balls	Aug 19, 1998	South Park's first film festival attracts crowds of pretentious, tofu-eating movie lovers to the quiet mountain town.
23	Chickenpox	Aug 26, 1998	The kids' parents only have their best interests at heart when they arrange for Stan, Kyle and Cartman to be exposed to the chickenpox virus.
24	Roger Ebert Should Lay Off the Fatty Foods	Sep 2, 1998	Is the new planetarium a harmless place to learn about the solar system, or the scene of a diabolical plot to control the minds of South Park's citizens?
25	Clubhouses	Sep 23, 1998	Stan and kyle are psyched to have Wendy and Bebe visit their clubhouse for a game of Truth or Dare, but first they have to build one.
26	Cow Days	Sep 30, 1998	South Park's 14th Annual "Cow Days" rodeo and carnival is here, and the boys are determined to win Terrance and Phillip dolls.
27	Chef Aid	Oct 7, 1998	After a huge loss in court, Chef is left penniless, but he has some very famous and talented friends in the music business who want to help their old mentor.
28	Spookyfish	Oct 28, 1998	When Sharon Marsh's Aunt Flo makes a monthly visit, she brings a mysterious pet fish for Stan.
29	Merry Christmas Charlie Manson!	Dec 9, 1998	Dinner with Cartman's family takes a bizarre twist when Uncle Howard shows up after breaking out of prison with the help of his cellmate, Charlie Manson.
30	Gnomes	Dec 16, 1998	Cartman, Stan, Kyle and Kenny are assigned to write a report with Tweek, the very nervous and highly caffeinated boy who insists gnomes are stealing his underpants.
31	Prehistoric Ice Man	Jan 20, 1999	Kyle and Stan's friendship is strained after they discover a man frozen in an ice cave and have differing opinions about what is best for their "discovery."
32	Rainforest Shmainforest	Apr 7, 1999	The boys travel to the Costa Rica as a part of the "Getting Gay with Kids" choir tour.
33	Spontaneous Combustion	Apr 14, 1999	When the citizens of South Park start exploding randomly, The mayor enlists Stan's dad, the resident geologist, to find a solution to the problem.
34	The Succubus	Apr 21, 1999	Chef's parents arrive in South Park from Scotland fresh from an encounter with the Loch Ness Monster to attend Chef's wedding.
35	Tweek Vs. Craig	Jun 23, 1999	The boys instigate a fight between Tweek and Craig in shop class. Meanwhile, Mr. Adler, the shop teacher, is haunted by a recurring dream of his lost love.
36	Jakovasaurs	Jun 16, 1999	The boys discover a prehistoric creature called a Jackovasaur while camping at Stark's Pond.
37	Sexual Harassment Panda	Jul 7, 1999	After Sexual Harassment Panda "educates" the children, Cartman sues Stan for sexual harassment, and a flurry of other lawsuits follow.
38	Cat Orgy	Jul 14, 1999	While all the adults are gathering at Mr. Mackey's house to watch a meteor shower Shelly Marsh is left babysit Cartman.
39	Two Guys Naked in a Hot Tub	Jul 21, 1999	Stan's parents drag him along to Mr. Mackey's meteor shower party, where he is sent down into the basement to play with Pip, Butters and Dougie.
40	Jewbilee	Jul 28, 1999	Kyle invites Kenny to join him and Ike at Jewbilee, a camp for Jewish kids.
41	Chinpoko Mon	Nov 3, 1999	Stan,Kyle,Cartman and Kenny are caught up in the latest fad from Japan: Chinpoko Mon!
42	Starvin' Marvin in Space	Nov 17, 1999	Starvin' Marvin returns to South Park with an alien spaceship and enlists Cartman, Stan, Kyle and Kenny's help to seek out a new home for his starving people.
43	Korn's Groovy Pirate Ghost Mystery	Oct 27, 1999	Korn comes to South Park for a Halloween concert and helps the boys solve a spooky pirate ghost mystery.
44	Hooked on Monkey Fonics	Nov 10, 1999	To help Cartman win the school spelling bee, Cartman's Mom gives him the Hooked on Monkey Fonics spelling system.
45	The Red Badge of Gayness	Nov 24, 1999	Cartman has visions of glory as he suits up for the Confederacy in the annual reenactment of a Civil War battle, and leads the drunken rebels to defeat the union.
46	Mr. Hankey's Christmas Classics	Dec 1, 1999	An extravaganza of holiday songs are performed in unique South Park style, hosted by Mr. Hankey.
47	Are You There, God? It's Me, Jesus	Dec 29, 1999	People from all over the world start to gather outside Jesus' house waiting for a millennium miracle.
48	World Wide Recorder Concert	Jan 12, 2000	The children of South Park are invited to Arkansas for the "Four Million Child Blow 2000," the first worldwide recorder concert.
49	Cartman's Silly Hate Crime 2000	Apr 12, 2000	Cartman is pursued by the FBI for committing a hate crime and lands in juvenile hall.
50	The Tooth Fairy's Tats 2000	Apr 5, 2000	When Cartman discovers the Tooth Fairy is paying a premium price for his lost teeth, he and the boys seize the opportunity to make some cash.
51	Quintuplets 2000	Apr 26, 2000	8-year-old contorting quintuplets from Romania defect to the United States and seek shelter with Stan's family.
52	Timmy 2000	Apr 19, 2000	When Timmy is diagnosed with Attention Deficit Disorder, it triggers a wave of prescription drug abuse at South Park Elementary.
53	Pip	Nov 29, 2000	When Pip is offered the opportunity to become a gentleman he goes to London only to discover that Miss Havisham plans to break his heart.
54	Cartman Joins NAMBLA	Jun 21, 2000	Cartman decides to seek friendship using the Internet, and finds an older man who is more than willing to be his friend...and more.
55	Cherokee Hair Tampons	Jun 28, 2000	Kyle needs a kidney transplant and Cartman is a discovered to be the perfect donor. Cartman gladly offers his kidney to Kyle -- for the price of $10 million dollars.
56	Chef Goes Nanners	Jul 5, 2000	Chef's passionate protest declaring the South Park flag racist enflames the entire town.
57	Something You Can Do With Your Finger	Jul 12, 2000	"Fingerbang" is the newest boy band starring all the boys and it's also Cartman's latest scheme to make a million dollars.
58	Do the Handicapped Go to Hell?	Jul 19, 2000	The boys learn in Sunday school that they must confess their sins, but worry about Timmy since all he can say is his own name.
59	Probably	Jul 26, 2000	Cartman's flock begins to grow and the children begin plans to build him a Church. Meanwhile, Satan turns to God for advice.
60	Fourth Grade	Nov 8, 2000	The boys devise a plan to travel back in time a full year and return to the third grade, with the help of Timmy and his electronic wheelchair.
61	Trapper Keeper	Nov 15, 2000	When he finally stops bragging about his new Trapper Keeper, a stranger informs him that it will eventually take over the world and destroy humankind, if they don't destroy it first.
62	Helen Keller! The Musical	Nov 22, 2000	When Butters informs the forth grader's that the Kindergarteners school play is a magnificent sight to behold, they go through a lot of pain to make sure they beat the tiny tots' show.
63	Fat Camp	Dec 6, 2000	Cartman's family and friends have intervened and are forcing him to trim down. While Cartman's away, Kenny's star is on the rise when he gets his own reality TV show.
64	The Wacky Molestation Adventure	Dec 13, 2000	To get back at his parents for not letting him go to a concert, Kyle tells the police that his parents molested him. Soon, the whole town is free of adults and divided into two rival cities
65	A Very Crappy Christmas	Dec 20, 2000	When Mr. Hankey skips Christmas, the boys find him living with his alcoholic wife and their three little nuggets. He tells them that no one is into Christmas anymore
66	It Hits the Fan	Jun 20, 2001	The you-know-what hits the fan 162 times when the citizens of South Park tune in to hear the word "shit" on a popular TV shows.
67	Cripple Fight	Jun 27, 2001	Big Gay Al returns to South Park as the new scout leader. When he is fired for being gay, the boys rally to his defense with the help of the new "handi-capable" kid, Jimmy.
68	Super Best Friends	Jul 4, 2001	Teaming up with Jesus, Stan calls upon all the Super Best Friends to destroy the evil cult leader and magician David Blaine and thwart the mass suicide pact he has planned.
69	Scott Tenorman Must Die	Jul 11, 2001	After the other boys explain to Cartman that pubes don't count unless you grow your own, Cartman realizes he's been tricked by the school bully, Scott Tenorman.
70	Terrance and Phillip: Behind the Blow	Jul 18, 2001	When the boys discover Terrance and Philip have called it quits, they'll go to any lengths to reunite the duo and recruit them for South Park's Earth Day festivities.
71	Cartmanland	Jul 25, 2001	Cartman inherits a million dollars from his grandmother and fulfills his lifelong dream of owning his own amusement park: Cartmanland!
72	Proper Condom Use	Aug 1, 2001	In a time-honored tradition and right-of-passage, the boys are separated from the girls and schooled in the mysteries of sex by none other than Mr. Mackey.
73	Towelie	Aug 8, 2001	When the government steals their new Gamesphere, the boys will stop at nothing to get it back.
74	Osama bin Laden Has Farty Pants	Nov 7, 2001	The kids of South Park have raised money to send to children of Afghanistan, but the Government believes the Afghani children's thank you gift is contaminated with Anthrax and the boys are forced to take it back to Afghanistan.
75	How To Eat With Your Butt	Nov 14, 2001	Cartman gets Kenny's school picture on every "missing child" milk carton in the country.
76	The Entity	Nov 21, 2001	Mr. Garrison gets fed up with long lines, delayed flights and the airline industry in general and invents his own transportation device.
77	Here Comes the Neighborhood	Nov 28, 2001	Token is tired of being the only rich kid in town, and succeeds in attracting several other wealthy families to South Park
78	Kenny Dies	Dec 5, 2001	In a very special episode of "South Park," Cartman fights for Kenny's life when he speaks before Congress in favor of stem-cell research.
79	Butters' Very Own Episode	Dec 12, 2001	Alone and lost, Butters determinedly makes his way through porn theatres and gay bath houses in an effort to get his dad back home in time to eat at Bennigan's for his parents' anniversary.
80	Freak Strike	Mar 20, 2002	When the boys learn that talk shows offer prizes to people who are grossly disfigured they can't sign Butters up fast enough.
81	Jared Has Aides	Mar 6, 2002	As the country becomes obsessed with a popular program for losing weight, the boys see an opportunity to become sponsored by a major restaurant chain.
82	Asspen	Mar 13, 2002	While the adults are trapped at a time-share sales meeting, Stan is challenged by the best skier on the mountain.
83	The New Terrance and Phillip Movie Trailer	Apr 3, 2002	All the kids in South Park are glued to the TV, wild with anticipation to see the first trailer for the latest Terrance and Phillip movie.
84	Fun with Veal	Mar 27, 2002	Stan is appalled when he realizes the veal he's been eating is, in fact, the meat from little baby calves.
85	Professor Chaos	Apr 10, 2002	The boys fire Butters as their new friend. Devastation over his rejection unleashes Butters' dark side and Professor Chaos is born.
86	The Simpsons Already Did It	Jun 26, 2002	Professor Chaos is frustrated when he realizes all of his diabolical plans to wreak havoc on South Park have already been done by "The Simpsons".
87	Red Hot Catholic Love	Jul 3, 2002	A sexual abuse scandal involving priests hits South Park and is taken all the way to the Vatican.
88	Free Hat	Jul 10, 2002	When the boys find out that their favorite movies are being enhanced, re-released and ruined in the process, they form a club to "Save Films from their Directors".
89	Bebe's Boobs Destroy Society	Jul 17, 2002	Bebe is the first girl in the fourth grade to "develop". Her new little breasts inspire a primate-like reaction from all the boys in class that threaten their friendship and society in general.
90	Child Abduction is Not Funny	Jul 24, 2002	In an effort to protect their children from kidnappers, the parents hire the owner of City Wok Restaurant to build the Great Wall of South Park.
91	A Ladder to Heaven	Nov 6, 2002	Kenny died with the winning ticket to a prize of endless candy in his pocket. The boys decide to build a ladder to Heaven where they expect to find him and get the ticket back.
92	The Return of the Fellowship of the Ring to the Two Towers	Nov 13, 2002	The boys embark upon a mythical quest as they set out to return their copy of the "The Lord of the Rings" movie to their local video store.
93	The Death Camp of Tolerance	Nov 20, 2002	The boys are sentenced to the Death Camp of Tolerance where they learn how to treat minorities. Mr. Slave and Lemmiwinks make their debut in this episode.
94	The Biggest Douche in the Universe	Nov 27, 2002	When a famous psychic fails to help him exorcise Kenny from his body, Cartman and Chef travel to the moors of Scotland, where Chef's mom tries a little of her voodoo magic on him.
95	My Future Self 'n' Me	Dec 4, 2002	When a 32-year-old man claiming to be Stan from the future shows up in South Park, young Stan is forced to come to terms with the loser he will become.
96	Red Sleigh Down	Dec 11, 2002	Cartman has to score one big "nice" to be eligible for Christmas presents this year. He recruits Santa, Mr. Hankey and Jesus in a desperate attempt to bring Christmas to the downtrodden citizens of Iraq.
97	I'm a Little Bit Country	Apr 9, 2003	The boys join some anti-war protesters because it's a free pass out of school for the day.
98	Krazy Kripples	Mar 26, 2003	Jimmy and Timmy pull together a group of people like themselves and call their new club the "Crips".
99	Toilet Paper	Apr 2, 2003	Cartman convinces the boys to "toilet paper" their teacher's house, but Kyle is overwhelmed with guilt.
100	Cancelled	Mar 19, 2003	Stan, Cartman, Kyle and Kenny find out that planet Earth is just one big intergalactic reality show and it's about to be cancelled.
101	Fat Butt and Pancake Head	Apr 16, 2003	One of Cartman's body parts becomes famous overnight and rivals the popularity of another superstar.
102	Lil' Crime Stoppers	Apr 23, 2003	After they return a missing doll to a little girl, the police department recognizes the boys' efforts and officially names them, "junior deputies."
103	Red Man's Greed	Apr 30, 2003	The citizens of South Park are being forced off their land to make way for a new super highway after owners of the Three Feathers Indian Casino acquire the town.
104	South Park Is Gay	Oct 22, 2003	The town of South Park celebrates the new, hip metro-sexual craze.
105	Christian Rock Hard	Oct 29, 2003	When the other boys kick Cartman out of their band, he pulls his own group together to make music for Jesus.
106	Grey Dawn	Nov 5, 2003	With South Park's senior citizens behind the wheel, more than a few farmer's markets have been mowed down. Unwilling to surrender their driver's licenses, the elderly fight back.
107	Casa Bonita	Nov 12, 2003	Kyle chooses Stan, Kenny and Butters to celebrate his birthday at Casa Bonita. When Cartman finds out he's not invited, he arranges for Butters to conveniently go "missing".
108	All About Mormons	Nov 19, 2003	A Mormon kid moves to South Park and it's up to Stan to kick his ass. But when Stan and his dad meet their new Mormon neighbors, they become fascinated with how genuinely nice they are.
109	Butt Out	Dec 3, 2003	After singing and dancing representatives from an anti-smoking campaign rap about the dangers of smoking, the kids at South Park Elementary realize how cool it really is and take up the habit.
110	Raisins	Dec 10, 2003	After Wendy breaks up with Stan the boys take him to "Raisins", a local restaurant known for its great chicken wings and hot girls.
111	It's Christmas in Canada	Dec 17, 2003	The town decides to cancel Christmas and take up a collection when Ike's Canadian birth parents show up unexpectedly and want their baby back.
112	Good Times With Weapons	Mar 17, 2004	The boys are transformed into Japanese Warriors after they trick a vendor and buy martial arts weapons at a local flea market.
113	AWESOM-O	Apr 14, 2004	Cartman plans to learn all of Butters' innermost secrets and then use them against him, by pretending to be Butters' new best friend, a robot named AWESOM-O.
114	Up the Down Steroid	Mar 24, 2004	Jimmy is in training for the upcoming Special Olympics and he's determined to win at any cost
115	The Passion of the Jew	Mar 31, 2004	Kyle finally sees the blockbuster movie "The Passion of the Christ" and admits that Cartman has been right about the Jewish people all along.
116	You Got F'd in the A	Apr 7, 2004	Stan just got served, and now it's up to him to put together a team of South Park's best dancers to compete against a troupe from Orange County.
117	Goobacks	Apr 28, 2004	Humans from the year 3045 are traveling to South Park through a recently opened time portal and are looking for work.
118	The Jeffersons	Apr 21, 2004	The children of South Park are attracted to "Mr. Jefferson" the new neighbor in town, and Cartman goes out of his way to get "Mr. Jefferson" to love him best.
119	Douche and Turd	Oct 27, 2004	A PET protest against the use of a cow as South Park Elementary's mascot forces the student body to choose a new one.
120	Something Wall Mart This Way Comes	Nov 3, 2004	In order to save South Park, Stan and Kyle have to find a way to destroy the ever-expanding Wall Mart superstore while keeping Cartman from stabbing them in the back.
121	Pre-School	Nov 10, 2004	The kid who took the fall for the boys five years ago is getting out of Juvie, and his first order of business is revenge
122	Quest for Ratings	Nov 17, 2004	The boys of South Park produce their own morning news show on the school's closed-circuit television station and are immediately caught up in an intense competition for ratings.
123	Stupid Spoiled Whore Video Playset	Dec 1, 2004	Disturbed by the corruptive influence Paris Hilton has on all little girls in South Park, one of the town's favorite citizens challenges her to a "whore-off."
124	Cartman's Incredible Gift	Dec 8, 2004	After sustaining a severe head injury, Cartman appears to have the power to see into the future. South Park detectives are quick to enlist his help in cracking unsolved murder cases.
125	Woodland Critter Christmas	Dec 15, 2004	Stan agrees to help a group of adorable woodland critters build a manger in anticipation of the birth of their Lord and Savior, only to find out that they serve Satan.
126	Mr. Garrison's Fancy New Vagina	Mar 9, 2005	As Mr. garrison enjoys his new womanly attributes after his sex change, the rest of the town gets in touch with their inner feelings too.
127	Die Hippie, Die	Mar 16, 2005	When hippie drum circles start popping up in people's attics and backyards the citizens of South Park have no choice but to turn to Eric Cartman for help.
128	Wing	Mar 23, 2005	The boys set up a talent agency and pool all their resources and impress their first client only to have another agency steal him away.
129	Best Friends Forever	Mar 30, 2005	When Kenny meets with an unfortunate accident, Cartman lobbies to let Kenny die so he can can get what Kenny left to him in Kenny's will.
130	The Losing Edge	Apr 6, 2005	The kids desperately want an end to the boring baseball season. The problem is, they keep winning.
131	The Death of Eric Cartman	Apr 13, 2005	Cartman is sure he's dead and Butters is sure that Eric Cartman's ghost is haunting him. Together they attempt to make amends to all the people Cartman has wronged over the years.
132	Erection Day	Apr 20, 2005	The South Park Elementary School Talent Show is coming up and Jimmy can't wait to perform his comedy routine, but first he must find a way to gain control of his raging hormones.
133	Two Days Before the Day After Tomorrow	Oct 19, 2005	A Global Warming State is Emergency is declared in South Park as the world's largest beaver dam breaks and floods the adjacent town of Beaverton.
134	Marjorine	Oct 26, 2005	Butters must fake his death, dress up as a girl and infiltrate a slumber party, in order to retrieve a future telling device Cartman is convinced the girls have.
135	Follow That Egg	Nov 2, 2005	In an effort to thwart her ex-lovers plans to get married, Mrs. Garrison leads the charge against gay marriage.
136	Ginger Kids	Nov 9, 2005	After the sudden on-set of the disease Gingervitis, Cartman rallies all other ginger kids to rise up and assume their role as the master race.
137	Trapped in the Closet	Nov 16, 2005	Scientologists converge on Stan's house after he is identified as the reincarnation of L. Ron Hubbard. One A-lister locks himself in the closet and refuses to come out, after Stan criticizes his "talent."
138	Free Willzyx	Nov 30, 2005	The boys try to rescue their new friend Willzyx, a talking space whale, from the Denver Sea Park and with the help of MASA (Mexican Aeronautica y Spacia Administracion) get him home to the moon for $200.
139	Bloody Mary	Dec 7, 2005	Stan is embarrassed when his dad gets pulled over for drunk driving. Randy believes that only one thing can save him from his "disease," a bleeding statue of the Virgin Mary in the next town.
140	The Return of Chef	Mar 22, 2006	Chef returns to South Park after spending time away with a group called, "The Super Adventure Club", but when his strange behavior starts getting him in trouble, the boys risk everything to save him.
141	Smug Alert	Mar 29, 2006	Kyle and his family are moving to San Francisco. The only way Stan can get his best friend back is to convince everyone to start driving hybrid cars.
142	Cartoon Wars Part I	Apr 5, 2006	When the creators of the Family Guy announce that they will show the image of a religious symbol, the network threatens to ban the episode. Cartman sees this as his chance to get "Family Guy" off the air for good.
143	Cartoon Wars Part II	Apr 12, 2006	After leaving Kyle injured on the side of the road, Cartman races to the headquarters of "Family Guy" determined to put an end to the show once and for all.
144	A Million Little Fibers	Apr 19, 2006	Towelie gets over his drug addition and writes his memoirs. With Oprah's support, his book becomes a best seller and his story inspires millions to turn their lives around.
145	ManBearPig	Apr 26, 2006	Al Gore warns the school about the threat of ManBearPig.
146	Tsst!	May 3, 2006	When Cartman's mom realizes she can't control her son anymore, she gets help from an expert. The "Dog Whisperer" may have what it takes but Eric Cartman's not going down without a fight.
147	Make Love, Not Warcraft	Oct 4, 2006	There's trouble in the online gaming world when a mad gamer won't play by the rules. The boys dedicate their lives to defeating the renegade and saving the World of Warcraft.
148	Mystery of the Urinal Deuce	Oct 11, 2006	The world's biggest conspiracy of all time is finally uncovered when Eric Cartman exposes the true culprit behind the September 11th attacks.
149	Miss Teacher Bangs a Boy	Oct 18, 2006	In his new role as School Hallway Monitor at South Park Elementary, Cartman must team up with Kyle when they discover a teacher having sex with a student.
150	Hell on Earth 2006	Oct 25, 2006	Satan is throwing the biggest Halloween costume party ever. Just like a girl getting ready for her sweet sixteen, every detail must be perfect for the prince of darkness. The antics of the most notorious serial killers of all time threaten his fun.
151	Go God Go	Nov 1, 2006	South Park Elementary faces strong opposition to the topic of evolution. Cartman's too busy to notice as he plans to propel himself into the future on the precise release date of the newest, hottest game console.
152	Go God Go XII	Nov 8, 2006	Eric Cartman has frozen himself in an attempt to make his three-week wait for a Nintendo Wii pass quickly. A freak accident landed him over 500 years in the future and now, he's stuck in a Godless world on the brink of war with no Nintendo Wii.
153	Stanley's Cup	Nov 15, 2006	Stan Marsh has hit rock bottom. He's got no job, no bicycle and his only way out of a bad situation is to coach the local pee wee hockey team. But Marsh is still living with the memory of how he let his team down when he missed the winning shot in the big game.
154	With Apologies to Jesse Jackson	Mar 7, 2007	Randy Marsh tries to find forgiveness after mistakenly using a racial slur on "Wheel of Fortune". Meanwhile, Cartman fights a midget.
155	Cartman Sucks	Mar 14, 2007	Cartman invites Butters over for the night and plans to do disgusting things to him in his sleep. However, when he photographs Butters' penis in his mouth, there are drastic consequences for both boys.
156	Lice Capades	Mar 21, 2007	When Mrs. Garrison refuses to name names about an infestation of head lice that plagues South Park Elementary, Cartman finds a way to detect who has lice.
157	The Snuke	Mar 28, 2007	When a new Muslim student joins the class, Cartman immediately suspects him of being a terrorist.
158	Fantastic Easter Special	Apr 4, 2007	Stan starts asking his Dad some tough questions about the origins of Easter. The answers lead to an ancient and mysterious secret society created in the Middle Ages to protect the secret of the Easter Bunny.
159	D-Yikes!	Apr 11, 2007	When the bar Mrs. Garrison hangs out in is about to be taken over by Persian club owners, she fights to save the one place that lets her be the woman she is.
160	Night of the Living Homeless	Apr 18, 2007	Ignoring the homeless in South Park becomes impossible when their numbers become overwhelming and their lust for spare change becomes insatiable.
161	Le Petit Tourette	Oct 3, 2007	Faking Tourette's Syndrome and saying whatever he wants without getting in trouble, Cartman lines up an appearance with Chris Hansen on "Dateline NBC."
162	More Crap	Oct 10, 2007	Stan's dad Randy becomes South Park's hometown hero when the guys down at the local bar see the size of his most recent crap.
163	Imaginationland	Oct 17, 2007	When the entire contents of the world's imagination lay open before them, Stan and Kyle step right in. Back in South Park, Cartman swears he's seen a leprechaun.
164	Imaginationland, Episode II	Oct 24, 2007	After the wall in Imaginationland is blown up by terrorists, the evil side crosses over. Cartman tracks down Kyle and Stan at the Pentagon and demands Kyle makes good on their agreement. Meanwhile, U.S. troops cross over into Imaginationland while evil characters cross over into reality.
165	Imaginationland, Episode III	Oct 31, 2007	Inside Imaginationland, Stan and Butters engage in the battle of their lives as they fight the army of evil imaginary forces. Meanwhile, Cartman goes all the way to the Supreme Court to get Kyle to pay up on their bet.
166	Guitar Queer-O	Nov 7, 2007	When Stan and Kyle get hooked on Guitar Hero, Stan's superior skills put their friendship in danger.
167	The List	Nov 14, 2007	The girls in the fourth grade class have made a secret list that rates every boy's looks from cutest to ugliest. The boys steal the list, but are unprepared to deal with the results.
168	Tonsil Trouble	Mar 12, 2008	After a routine tonsillectomy goes horribly wrong, Cartman comes face to face with his own mortality.
169	Britney's New Look	Mar 19, 2008	When the boys help Britney Spears get to the North Pole, they discover the shocking secret behind her popularity.
170	Major Boobage	Mar 26, 2008	In a South Park homage to the 1981 film, "Heavy Metal", the boys are trying to get Kenny off the latest drug craze that's captured the junior high and under set.
171	Canada on Strike	Apr 2, 2008	The head of the World Canadian Bureau leads the country into a long and painful strike and the responsibility of brokering a settlement rests with the boys.
172	Eek, A Penis!	Apr 9, 2008	While Ms. Garrison is off trying to find a way to become the man he was always intended to be, Cartman is put in charge of the classroom.
173	Over Logging	Apr 16, 2008	One day the citizens of South Park wake up and find the internet is gone. When Randy hears there may still be some internet out in California, he packs up his family and heads west.
174	Super Fun Time	Apr 23, 2008	While the kids are on an educational field trip to a living museum, Cartman makes Butters sneak away from the class to go to the amusement center located next door.
175	The China Probrem	Oct 8, 2008	With the rest of the American people haunted by the memory of a recent tragic event, only Butters will stand with Cartman as he confronts the Chinese.
176	Breast Cancer Show Ever	Oct 15, 2008	Wendy gets in trouble when she threatens to beat up Cartman after school.
177	Pandemic	Oct 22, 2008	While the world struggles to contain an epidemic of epic proportions, the boys find a way to make money off of it.
178	Pandemic 2: The Startling	Oct 29, 2008	Giant guinea pigs are attacking cities all over the world. The boys have the key that will save everyone from the onslaught but they're stranded in the Andes Mountains.
179	About Last Night...	Nov 5, 2008	While the country celebrates the outcome of the election, the new President-elect catches everyone off guard when he arrives at the White House prematurely.
180	Elementary School Musical	Nov 12, 2008	The boys must embrace the latest fad to hit South Park Elementary or risk their status as the coolest kids in school.
181	The Ungroundable	Nov 19, 2008	Butters is sure he's seen a vampire at school but he can't get anyone to listen to him. Meanwhile, the Goth Kids are angry and frustrated when the other kids can't tell the difference between a Goth and a Vampire.
182	The Ring	Mar 11, 2009	Kenny takes his new girlfriend to a Jonas Brothers' concert where they each get purity rings.
183	The Coon	Mar 18, 2009	"The Coon" rises from the trash and takes his place as a lone vigilante who wipes out crime in the town of South Park.
184	Margaritaville	Mar 25, 2009	Randy steps forward with a solution to fix the desperate state of the economy.
185	Eat, Pray, Queef	Apr 1, 2009	Someone plays an April Fool's joke on the boys and it doesn't go over well.
186	Fishsticks	Apr 8, 2009	Cartman and Jimmy come up with the funniest joke of all time.
187	Pinewood Derby	Apr 15, 2009	Randy has a plan that will assure Stan a first place trophy in this year's Pinewood Derby.
188	Fatbeard	Apr 22, 2009	Cartman's dream of living the life of a pirate will come true if he can just get to Somalia.
189	Dead Celebrities	Oct 7, 2009	Ike is being tormented by paranormal forces. Kyle brings in professional ghost hunters to help save his little brother.
190	Butters' Bottom Bitch	Oct 14, 2009	Butters is determined to get his first kiss so his friends won't make fun of him anymore.
191	W.T.F.	Oct 21, 2009	After attending their first WWE match, all the boys want to be professional wrestlers.
192	Whale Whores	Oct 28, 2009	Stan takes action to stop the Japanese from killing the world's whales and dolphins.
193	The F Word	Nov 4, 2009	The boys fight back against the loud and obnoxious Motorcycle Riders that are disrupting everyone in South Park.
194	Dances With Smurfs	Nov 11, 2009	Cartman is chosen to do the morning announcements at South Park Elementary.
195	Pee	Nov 18, 2009	The boys' fun-filled day at the water park is about to turn deadly.
196	Sexual Healing	Mar 17, 2010	The latest in scientific testing reveals that some of the boys at South Park Elementary have a sex addiction problem.
197	The Tale of Scrotie McBoogerballs	Mar 24, 2010	The boys are given a controversial book to read in school and it inspires them to write one of their own.
198	Medicinal Fried Chicken	Mar 31, 2010	Cartman's favorite restaurant has been shut down and replaced by a store that sells medical marijuana. Randy is so desperate to get a prescription card to buy pot and Cartman will do anything to get his beloved fried chicken back.
199	You Have 0 Friends	Apr 7, 2010	When Kyle begs Stan to "friend" him, Stan gets sucked into Facebook.
200	200	Apr 14, 2010	The town of South Park faces a class action lawsuit as every celebrity they've ever ridiculed is out for revenge.
201	201	Apr 21, 2010	Angry celebrities, violent ginger kids, and Mecha Streisand are about to destroy South Park and all anyone wants to know is, "Who is Eric Cartman's father?"
202	Crippled Summer	Apr 28, 2010	Timmy and Jimmy head off to summer camp with their handicapable friends.
203	Poor and Stupid	Oct 6, 2010	Cartman dreams of being a NASCAR driver and he's willing to do whatever it takes to make it happen.
204	It's A Jersey Thing	Oct 13, 2010	New Jersey is rapidly taking over the nation one state at a time and their next stop is South Park.
205	Insheeption	Oct 20, 2010	When Stan is sent to the school counselor because he's holding on to an obscene number of useless possessions, he realizes that Mr. Mackey has a hoarding disorder too.
206	Coon 2: Hindsight	Oct 27, 2010	"Coon and Friends" set out to help the victims of BP's latest catastrophic drilling accident in the Gulf. Much to the Coon's dismay, another Super Hero gets there first.
207	Mysterion Rises	Nov 3, 2010	Mysterion's true identity is revealed. Meanwhile, the Coon, scorned by his fellow super heroes, is out for revenge.
208	Coon vs. Coon & Friends	Nov 10, 2010	Coon and Friends find themselves at the mercy of Cartman who now has the dark lord, Cthulhu, doing his bidding. Kenny wrestles with the curse of his super power through his alter ego, Mysterion.
209	Creme Fraiche	Nov 17, 2010	Stan's life is a shambles both at home and in school. Randy's obsession with the Food Network Is changing everything. It even forces Sharon to explore a new interest of her own.
210	HUMANCENTiPAD	Apr 27, 2011	Kyle is intimately involved in the development of a revolutionary new product called HumancentiPad.
211	Funnybot	May 4, 2011	Jimmy hosts the Special Ed Department's First Annual Comedy Awards.
212	Royal Pudding	May 11, 2011	The Prince of Canada is about to take a Princess and Ike is obsessed with the Royal Wedding.
213	T.M.I.	May 18, 2011	Cartman throws a fit when the boy's penis sizes are posted on the school bulletin board, He is sent to anger management therapy.
214	Crack Baby Athletic Association	May 25, 2011	Kyle gets in on the ground floor of Cartman's latest business venture, The Crack Baby Athletic Association.
215	City Sushi	Jun 1, 2011	Butters' parents take him to see a specialist.
216	You're Getting Old	Jun 8, 2011	Just after Stan's 10th birthday, his worldview starts to change and so do his friendships.
217	Ass Burgers	Oct 5, 2011	Cartman finds a unique way to cope with Asperger's Syndrome.
218	The Last of the Meheecans	Oct 12, 2011	Cartman joins the U.S. Border Patrol.
219	Bass to Mouth	Oct 19, 2011	The kid's most scandalous secrets are being leaked on an outrageous new gossip website.
220	Broadway Bro Down	Oct 26, 2011	After Randy takes Sharon to see a hit musical, he becomes Broadway's biggest fan.
221	1%	Nov 2, 2011	The 99% is ganging up on Eric Cartman.
222	A History Channel Thanksgiving	Nov 9, 2011	The boys are getting close to discovering the truth about the first Thanksgiving.
223	The Poor Kid	Nov 16, 2011	Kenny ends up in the foster care system after his parents are arrested.
224	Reverse Cowgirl	Mar 14, 2012	When one of the boys leaves the toilet seat up after he uses the bathroom, an unspeakable tragedy occurs.
225	Cash For Gold	Mar 21, 2012	Cartman launches his own gem shopping channel.
226	Faith Hilling	Mar 28, 2012	The kids are in danger when new trends start to evolve and shift at a rapid pace.
227	Jewpacabra	Apr 4, 2012	The town's big Easter Egg Hunt is in jeopardy when Cartman produces video evidence of a mysterious creature lurking in the woods.
228	Butterballs	Apr 11, 2012	Butters is the victim of an unlikely bully.
229	I Should Have Never Gone Ziplining	Apr 18, 2012	The boys' ziplining adventure becomes a terrifying test of survival.
230	Cartman Finds Love	Apr 25, 2012	The time has finally come for Cartman to let a special someone know exactly how he feels.
231	Sarcastaball	Sep 26, 2012	South Park Elementary takes steps to address football's concussion crisis.
232	Raising the Bar	Oct 3, 2012	Cartman finally admits he's fat and immediately gets a mobility scooter.
233	Insecurity	Oct 10, 2012	Cartman signs up for a home security system.
234	Going Native	Oct 17, 2012	It is time for Butters to begin a journey where he will follow in the path of his Hawaiian ancestors.
235	A Nightmare on Face Time	Oct 24, 2012	Randy's big plans for Halloween night keep Stan from trick or treating with his friends.
236	A Scause for Applause	Oct 31, 2012	A serious doping scandal shakes everyone's faith in a beloved icon.  Everyone who once supported the fallen hero, is now cutting off their symbolic yellow wristbands.
237	Obama Wins!	Nov 7, 2012	Eric Cartman is hiding something in his bedroom that could change the entire outcome of the Presidential election.
238	Let Go, Let Gov	Sep 25, 2013	Cartman wants to hold the government accountable for secretly monitoring all of his personal information.
239	Informative Murder Porn	Oct 2, 2013	The boys use the game of MINECRAFT as a distraction to keep their parents from hurting each other.
240	World War Zimmerman	Oct 9, 2013	Cartman is deeply disturbed by a single person who he sees as a threat to all humanity. He races around the country to put an end to Patient Zero, the ticking time bomb that is Token.
241	Goth Kids 3: Dawn of the Posers	Oct 23, 2013	The Goth kids are being sent away to a camp for troubled children.
242	Taming Strange	Oct 30, 2013	When Ike hits puberty, he and Kyle start to grow apart. To save their relationship, Kyle takes Ike to see a live performance of Yo Gabba Gabba.
243	Ginger Cow	Nov 6, 2013	Cartman's latest prank has brought about the necessary spiritual conditions for world peace. Religious leaders descend upon South Park to witness a Biblical prophecy that has been fulfilled. Cartman and Kyle are the only two at odds as the world embarks upon a thousand years of peace and harmony.
244	Black Friday	Nov 13, 2013	The boys prepare to battle the crowds already lining up for the first official day of holiday shopping.
245	A Song of Ass and Fire	Nov 20, 2013	Black Friday is almost here and the battle for the new gaming devices is heating up.  Princess Kenny’s betrayal has left Cartman out for revenge.
246	Titties and Dragons	Dec 4, 2013	The doors to the mall will finally open for the biggest Black Friday sale in history. The boys are divided over which gaming device to buy and a bloody battle will determine whether Xbox or Sony will be the winner.
247	The Hobbit	Dec 11, 2013	When Wendy tries to fix one of her girl friends up with Butters, she ends up in the counselor’s office.
248	Go Fund Yourself	Sep 24, 2014	The boys start a company and seek funding for it on Kickstarter.
249	Gluten Free Ebola	Oct 1, 2014	South Park goes gluten free after they find out their dick will fly off if they don't.
250	The Cissy	Oct 8, 2014	Randy is harboring a giant secret and the pressure is getting to him. Meanwhile, Cartman calls Stan a sissy.
251	Handicar	Oct 15, 2014	Timmy's successful new car service makes him a lot of enemies.
252	The Magic Bush	Oct 29, 2014	Cartman and Butters get their hands on a drone and take it for a spin around the neighborhood
253	Freemium Isn't Free	Nov 5, 2014	Stan is addicted to the new Terrance and Phillip mobile game.
254	Grounded Vindaloop	Nov 12, 2014	Butters is convinced he's living in a virtual reality.
255	Cock Magic	Nov 19, 2014	There are illegal goings-on in the basement of City Wok.
256	#REHASH	Dec 3, 2014	Kyle just wants to play video games with his little brother. But, when Ike doesn't want to play with him anymore, Kyle is afraid that the next generation is passing him by.
257	#HappyHolograms	Dec 10, 2014	Cartmaan Bra is trending as the country prepares to watch the biggest Holiday Spectacular ever.
